DocID,Vendor,TransactionDate,GRNDate,Amount,Currency,Amount_GBP
2000000000,Starlight Media,2024-11-11,2024-11-16,14410.84,GBP,14410.84
2000000001,Apex Consulting,2024-11-13,2024-11-18,8104.6,AUD,4214.39
2000000002,Apex Consulting,2024-11-30,2024-12-01,4021.18,CAD,2332.28
2000000003,TechFlow Solutions,2024-12-17,2024-12-21,4992.15,EUR,4243.33
2000000004,Nexus Logistics,2024-12-29,2025-01-03,1241.47,AUD,645.56
2000000005,Fast Travel,2024-12-15,2024-12-20,11800.42,USD,9322.33
2000000006,TechFlow Solutions,2024-12-15,2024-12-15,12944.77,AUD,6731.28
2000000007,Fast Travel,2024-12-12,2024-12-11,19914.56,CAD,11550.44
2000000008,Apex Consulting,2024-12-22,2024-12-26,6345.09,USD,5012.62
2000000009,Starlight Media,2024-11-21,2024-11-26,9903.5,EUR,8417.98
2000000010,Global Office,2025-01-28,2025-02-01,19715.69,AUD,10252.16
2000000011,Titan Manufacturing,2024-12-14,2024-12-15,4740.59,GBP,4740.59
2000000012,Titan Manufacturing,2025-01-02,2025-01-01,15008.0,AUD,7804.16
2000000013,Nexus Logistics,2025-01-11,2025-01-10,20639.56,USD,16305.25
2000000014,TechFlow Solutions,2024-12-22,2024-12-21,15157.35,CAD,8791.26
2000000015,Green Energy Co,2024-12-12,2024-12-17,16302.23,GBP,16302.23
2000000016,Fast Travel,2024-11-28,2024-11-28,22237.91,GBP,22237.91
2000000017,ABC Supplies,2025-01-24,2025-01-24,11597.87,EUR,9858.19
2000000018,Green Energy Co,2025-01-18,2025-01-23,5293.83,EUR,4499.76
2000000019,TechFlow Solutions,2025-01-12,2025-01-14,23003.29,AUD,11961.71
2000000020,Nexus Logistics,2024-11-12,2024-11-10,15481.52,CAD,8979.28
2000000021,Green Energy Co,2024-11-17,2024-11-19,2029.06,CAD,1176.85
2000000022,BluePrints,2024-11-01,2024-11-04,3187.61,EUR,2709.47
2000000023,BluePrints,2024-12-01,2024-12-05,17704.44,AUD,9206.31
2000000024,Nexus Logistics,2025-01-31,2025-02-04,10447.8,AUD,5432.86
2000000025,Starlight Media,2024-11-28,2024-11-28,12134.35,USD,9586.14
2000000026,Starlight Media,2024-12-20,2024-12-23,21079.09,USD,16652.48
2000000027,TechFlow Solutions,2025-01-25,2025-01-25,3789.8,GBP,3789.8
2000000028,BluePrints,2024-11-19,2024-11-24,16619.2,USD,13129.17
2000000029,Fast Travel,2024-11-18,2024-11-22,21573.74,CAD,12512.77
2000000030,Green Energy Co,2025-01-19,2025-01-19,11632.66,AUD,6048.98
2000000031,Starlight Media,2024-12-28,2025-01-01,9205.03,USD,7271.97
2000000032,Green Energy Co,2025-01-17,2025-01-15,14659.49,USD,11581.0
2000000033,Starlight Media,2024-12-05,2024-12-09,23200.83,CAD,13456.48
2000000034,Nexus Logistics,2024-11-05,2024-11-03,14419.66,EUR,12256.71
2000000035,Fast Travel,2025-01-14,2025-01-19,24062.57,GBP,24062.57
2000000036,ABC Supplies,2025-01-07,2025-01-09,11890.94,GBP,11890.94
2000000037,Starlight Media,2025-01-18,2025-01-17,6508.17,GBP,6508.17
2000000038,Starlight Media,2025-01-14,2025-01-16,15519.46,EUR,13191.54
2000000039,Starlight Media,2024-11-02,2024-11-07,11623.85,AUD,6044.4
2000000040,Titan Manufacturing,2024-12-13,2024-12-17,9146.41,EUR,7774.45
2000000041,TechFlow Solutions,2024-11-22,2024-11-20,17528.75,CAD,10166.67
2000000042,TechFlow Solutions,2025-01-12,2025-01-14,2004.74,AUD,1042.46
2000000043,Titan Manufacturing,2024-11-22,2024-11-20,16579.84,EUR,14092.86
2000000044,Titan Manufacturing,2024-11-04,2024-11-06,12376.62,USD,9777.53
2000000045,Starlight Media,2024-11-10,2024-11-12,6675.25,CAD,3871.64
2000000046,TechFlow Solutions,2024-12-06,2024-12-08,847.97,GBP,847.97
2000000047,Titan Manufacturing,2024-11-23,2024-11-23,16649.31,EUR,14151.91
2000000048,ABC Supplies,2024-12-04,2024-12-05,12380.5,CAD,7180.69
2000000049,BluePrints,2024-12-14,2024-12-13,24199.97,CAD,14035.98
2000000050,ABC Supplies,2025-01-03,2025-01-07,19374.01,USD,15305.47
2000000051,Apex Consulting,2025-02-01,2025-02-01,5665.99,EUR,4816.09
2000000052,BluePrints,2025-01-22,2025-01-24,19009.36,GBP,19009.36
2000000053,BluePrints,2024-11-22,2024-11-27,10269.25,EUR,8728.86
2000000054,Apex Consulting,2025-01-08,2025-01-09,9805.12,AUD,5098.66
2000000055,Apex Consulting,2024-12-04,2024-12-04,13495.83,AUD,7017.83
2000000056,BluePrints,2024-12-07,2024-12-12,9859.1,EUR,8380.24
2000000057,Starlight Media,2025-01-27,2025-01-25,2885.43,CAD,1673.55
2000000058,Nexus Logistics,2024-12-26,2024-12-28,8706.7,EUR,7400.7
2000000059,Fast Travel,2024-12-03,2024-12-07,11797.16,USD,9319.76
2000000060,Titan Manufacturing,2024-11-25,2024-11-28,17104.09,USD,13512.23
2000000061,Nexus Logistics,2025-01-10,2025-01-08,16983.65,GBP,16983.65
2000000062,BluePrints,2024-12-23,2024-12-22,13368.97,AUD,6951.86
2000000063,Nexus Logistics,2024-11-29,2024-12-01,6671.45,GBP,6671.45
2000000064,BluePrints,2025-01-19,2025-01-18,1893.61,CAD,1098.29
2000000065,Global Office,2025-01-16,2025-01-15,17847.84,GBP,17847.84
2000000066,Fast Travel,2025-01-17,2025-01-17,9710.98,CAD,5632.37
2000000067,ABC Supplies,2024-11-15,2024-11-15,6706.73,AUD,3487.5
2000000068,Fast Travel,2025-01-21,2025-01-26,23106.04,EUR,19640.13
2000000069,Green Energy Co,2025-01-28,2025-01-31,6804.75,GBP,6804.75
2000000070,TechFlow Solutions,2024-11-08,2024-11-12,10020.47,GBP,10020.47
2000000071,TechFlow Solutions,2024-12-04,2024-12-04,11294.08,AUD,5872.92
2000000072,Global Office,2025-01-18,2025-01-22,4871.83,AUD,2533.35
2000000073,Fast Travel,2024-11-19,2024-11-23,5850.47,GBP,5850.47
2000000074,Apex Consulting,2025-01-31,2025-02-02,3030.53,GBP,3030.53
2000000075,Fast Travel,2025-01-13,2025-01-15,19542.31,GBP,19542.31
2000000076,Apex Consulting,2024-11-20,2024-11-18,23355.9,AUD,12145.07
2000000077,TechFlow Solutions,2024-11-20,2024-11-23,22663.13,CAD,13144.62
2000000078,BluePrints,2025-01-05,2025-01-10,12214.42,AUD,6351.5
2000000079,Fast Travel,2025-01-09,2025-01-10,581.03,AUD,302.14
2000000080,Fast Travel,2025-01-12,2025-01-15,8669.27,EUR,7368.88
2000000081,Green Energy Co,2024-11-08,2024-11-07,9451.21,EUR,8033.53
2000000082,Fast Travel,2024-12-29,2024-12-31,16370.92,USD,12933.03
2000000083,Starlight Media,2024-11-06,2024-11-10,16687.99,EUR,14184.79
2000000084,Green Energy Co,2024-11-14,2024-11-17,12419.34,AUD,6458.06
2000000085,Global Office,2024-11-18,2024-11-16,5230.77,CAD,3033.85
2000000086,Global Office,2025-01-02,2025-01-06,2043.32,CAD,1185.13
2000000087,TechFlow Solutions,2025-01-03,2025-01-08,24181.07,GBP,24181.07
2000000088,BluePrints,2024-12-14,2024-12-12,8774.11,GBP,8774.11
2000000089,Green Energy Co,2024-11-16,2024-11-17,20274.04,CAD,11758.94
2000000090,Apex Consulting,2025-01-26,2025-01-26,18655.76,USD,14738.05
2000000091,Fast Travel,2024-11-05,2024-11-05,12477.92,GBP,12477.92
2000000092,Apex Consulting,2025-01-19,2025-01-17,6445.72,USD,5092.12
2000000093,BluePrints,2024-11-23,2024-11-21,22664.23,GBP,22664.23
2000000094,Apex Consulting,2025-01-18,2025-01-18,20966.13,GBP,20966.13
2000000095,Fast Travel,2024-11-15,2024-11-20,15076.95,CAD,8744.63
2000000096,Global Office,2024-11-09,2024-11-10,10942.18,AUD,5689.93
2000000097,Nexus Logistics,2024-11-16,2024-11-16,8378.95,USD,6619.37
2000000098,BluePrints,2025-01-15,2025-01-15,8719.84,GBP,8719.84
2000000099,TechFlow Solutions,2024-11-19,2024-11-23,4617.25,EUR,3924.66
2000000100,Starlight Media,2024-11-22,2024-11-27,6469.29,CAD,3752.19
2000000101,BluePrints,2024-11-18,2024-11-17,19880.78,CAD,11530.85
2000000102,Green Energy Co,2024-11-21,2024-11-19,22050.86,GBP,22050.86
2000000103,BluePrints,2024-11-01,2024-11-01,23190.36,CAD,13450.41
2000000104,TechFlow Solutions,2024-12-24,2024-12-29,17462.78,USD,13795.6
2000000105,ABC Supplies,2025-01-21,2025-01-23,13315.63,AUD,6924.13
2000000106,Global Office,2024-11-23,2024-11-21,15108.66,AUD,7856.5
2000000107,Titan Manufacturing,2024-11-12,2024-11-14,9022.41,GBP,9022.41
2000000108,Starlight Media,2024-12-01,2024-12-02,3378.94,CAD,1959.79
2000000109,Fast Travel,2025-01-19,2025-01-22,21636.91,CAD,12549.41
2000000110,Starlight Media,2024-11-29,2024-12-04,19373.12,USD,15304.76
2000000111,TechFlow Solutions,2024-11-07,2024-11-08,3260.64,USD,2575.91
2000000112,Apex Consulting,2025-01-03,2025-01-03,4414.11,GBP,4414.11
2000000113,BluePrints,2025-01-22,2025-01-25,7484.08,AUD,3891.72
2000000114,TechFlow Solutions,2024-12-13,2024-12-18,1561.28,GBP,1561.28
2000000115,Starlight Media,2024-11-23,2024-11-23,19744.55,AUD,10267.17
2000000116,Starlight Media,2024-11-15,2024-11-14,22429.44,AUD,11663.31
2000000117,Titan Manufacturing,2025-01-14,2025-01-17,10767.12,EUR,9152.05
2000000118,Global Office,2024-11-15,2024-11-18,6080.66,USD,4803.72
2000000119,Green Energy Co,2024-11-26,2024-11-30,22338.45,GBP,22338.45
2000000120,Apex Consulting,2025-01-14,2025-01-19,1831.31,AUD,952.28
2000000121,ABC Supplies,2024-11-28,2024-12-03,4862.49,EUR,4133.12
2000000122,ABC Supplies,2024-12-29,2024-12-30,15984.52,EUR,13586.84
2000000123,Global Office,2024-12-13,2024-12-13,1286.32,CAD,746.07
2000000124,BluePrints,2024-12-06,2024-12-06,3222.18,AUD,1675.53
2000000125,Apex Consulting,2024-12-24,2024-12-24,19128.32,USD,15111.37
2000000126,TechFlow Solutions,2025-01-17,2025-01-17,19843.9,CAD,11509.46
2000000127,ABC Supplies,2025-01-13,2025-01-14,2618.62,CAD,1518.8
2000000128,Apex Consulting,2024-11-28,2024-12-03,21006.23,EUR,17855.3
2000000129,BluePrints,2024-12-25,2024-12-26,6571.87,AUD,3417.37
2000000130,Titan Manufacturing,2024-11-29,2024-11-29,22886.99,GBP,22886.99
2000000131,Green Energy Co,2024-11-06,2024-11-04,24786.2,CAD,14376.0
2000000132,BluePrints,2024-12-25,2024-12-29,12242.1,GBP,12242.1
2000000133,Apex Consulting,2025-01-03,2025-01-04,2535.74,GBP,2535.74
2000000134,Green Energy Co,2024-11-28,2024-11-28,9280.94,USD,7331.94
2000000135,Fast Travel,2024-11-03,2024-11-08,16891.37,USD,13344.18
2000000136,Apex Consulting,2025-01-13,2025-01-11,24422.31,AUD,12699.6
2000000137,ABC Supplies,2025-01-30,2025-02-03,5031.17,EUR,4276.49
2000000138,Apex Consulting,2025-01-30,2025-01-28,21579.37,GBP,21579.37
2000000139,Green Energy Co,2025-01-28,2025-01-31,13507.55,EUR,11481.42
2000000140,Green Energy Co,2024-12-05,2024-12-06,19798.45,GBP,19798.45
2000000141,Titan Manufacturing,2024-12-13,2024-12-11,13111.04,EUR,11144.38
2000000142,BluePrints,2024-11-15,2024-11-19,9456.98,CAD,5485.05
2000000143,BluePrints,2024-12-17,2024-12-20,4794.05,CAD,2780.55
2000000144,Fast Travel,2025-01-11,2025-01-12,3890.94,EUR,3307.3
2000000145,Global Office,2025-01-09,2025-01-08,16401.44,CAD,9512.84
2000000146,Global Office,2024-11-29,2024-12-02,9141.44,EUR,7770.22
2000000147,Starlight Media,2025-01-27,2025-01-31,7290.06,GBP,7290.06
2000000148,Nexus Logistics,2024-12-15,2024-12-20,12412.56,CAD,7199.28
2000000149,Fast Travel,2024-12-31,2025-01-02,11573.47,EUR,9837.45
2000000150,Fast Travel,2024-11-25,2024-11-30,2639.06,AUD,1372.31
2000000151,ABC Supplies,2024-12-07,2024-12-06,3179.44,EUR,2702.52
2000000152,Fast Travel,2025-01-29,2025-01-29,12660.05,USD,10001.44
2000000153,Starlight Media,2025-01-20,2025-01-18,7682.65,CAD,4455.94
2000000154,ABC Supplies,2024-12-31,2025-01-03,10793.18,GBP,10793.18
2000000155,TechFlow Solutions,2024-11-25,2024-11-24,1039.9,USD,821.52
2000000156,Starlight Media,2025-01-22,2025-01-25,10586.45,EUR,8998.48
2000000157,Nexus Logistics,2025-01-02,2025-01-07,11721.17,CAD,6798.28
2000000158,ABC Supplies,2024-12-10,2024-12-10,19837.06,USD,15671.28
2000000159,Apex Consulting,2024-12-18,2024-12-20,19358.87,GBP,19358.87
2000000160,ABC Supplies,2024-12-16,2024-12-18,11670.2,USD,9219.46
2000000161,Titan Manufacturing,2024-11-21,2024-11-23,4965.87,USD,3923.04
2000000162,ABC Supplies,2024-11-21,2024-11-22,3364.47,EUR,2859.8
2000000163,Titan Manufacturing,2024-11-17,2024-11-22,6879.98,USD,5435.18
2000000164,Global Office,2025-01-11,2025-01-09,16806.06,EUR,14285.15
2000000165,ABC Supplies,2024-12-18,2024-12-23,13726.73,USD,10844.12
2000000166,Starlight Media,2024-12-09,2024-12-08,23050.63,AUD,11986.33
2000000167,Apex Consulting,2024-11-19,2024-11-24,23231.38,USD,18352.79
2000000168,BluePrints,2025-01-09,2025-01-12,16357.48,EUR,13903.86
2000000169,Apex Consulting,2024-12-08,2024-12-08,20089.62,AUD,10446.6
2000000170,Nexus Logistics,2025-01-28,2025-01-27,18425.19,GBP,18425.19
2000000171,ABC Supplies,2025-01-26,2025-01-25,8048.01,AUD,4184.97
2000000172,Titan Manufacturing,2024-11-29,2024-12-04,9256.14,EUR,7867.72
2000000173,BluePrints,2025-01-17,2025-01-18,14794.07,USD,11687.32
2000000174,TechFlow Solutions,2024-11-26,2024-11-24,2547.94,AUD,1324.93
2000000175,Fast Travel,2025-01-05,2025-01-09,5264.03,EUR,4474.43
2000000176,Titan Manufacturing,2025-01-17,2025-01-15,22756.95,EUR,19343.41
2000000177,Green Energy Co,2024-11-19,2024-11-23,9555.93,EUR,8122.54
2000000178,BluePrints,2024-12-07,2024-12-10,9108.2,AUD,4736.26
2000000179,Starlight Media,2024-11-12,2024-11-13,18332.41,AUD,9532.85
2000000180,Green Energy Co,2024-12-27,2024-12-29,4512.86,AUD,2346.69
2000000181,Green Energy Co,2024-11-18,2024-11-17,4019.16,EUR,3416.29
2000000182,Apex Consulting,2025-01-07,2025-01-10,2119.84,CAD,1229.51
2000000183,Green Energy Co,2024-11-12,2024-11-10,10531.79,EUR,8952.02
2000000184,Green Energy Co,2024-11-23,2024-11-28,17901.05,USD,14141.83
2000000185,Global Office,2024-11-24,2024-11-28,7591.85,AUD,3947.76
2000000186,BluePrints,2024-12-09,2024-12-11,12605.46,AUD,6554.84
2000000187,Global Office,2024-11-04,2024-11-02,4273.59,EUR,3632.55
2000000188,Apex Consulting,2024-11-16,2024-11-18,10720.34,AUD,5574.58
2000000189,Global Office,2024-11-04,2024-11-03,19235.6,AUD,10002.51
2000000190,Fast Travel,2025-01-16,2025-01-19,14736.11,CAD,8546.94
2000000191,Green Energy Co,2024-12-04,2024-12-09,24369.34,GBP,24369.34
2000000192,Nexus Logistics,2025-01-05,2025-01-03,21209.36,USD,16755.39
2000000193,Titan Manufacturing,2024-11-08,2024-11-08,8332.19,USD,6582.43
2000000194,Nexus Logistics,2024-11-21,2024-11-19,7180.42,AUD,3733.82
2000000195,Nexus Logistics,2024-11-07,2024-11-09,7645.77,GBP,7645.77
2000000196,Starlight Media,2024-11-25,2024-11-25,19234.89,CAD,11156.24
2000000197,ABC Supplies,2025-01-09,2025-01-12,21874.86,EUR,18593.63
2000000198,TechFlow Solutions,2025-01-27,2025-01-30,2847.92,CAD,1651.79
2000000199,Nexus Logistics,2024-11-19,2024-11-17,3855.26,EUR,3276.97
2000000200,Nexus Logistics,2025-01-02,2025-01-06,8837.67,USD,6981.76
2000000201,Fast Travel,2024-11-28,2024-11-28,12832.88,USD,10137.98
2000000202,Starlight Media,2025-01-18,2025-01-17,10724.98,GBP,10724.98
2000000203,Fast Travel,2024-11-17,2024-11-15,12248.2,EUR,10410.97
2000000204,Nexus Logistics,2024-11-18,2024-11-23,22298.3,CAD,12933.01
2000000205,Starlight Media,2024-12-14,2024-12-14,17892.42,GBP,17892.42
2000000206,Fast Travel,2024-11-29,2024-11-29,21491.97,USD,16978.66
2000000207,Global Office,2024-12-10,2024-12-10,5641.1,GBP,5641.1
2000000208,Green Energy Co,2025-01-28,2025-01-27,2404.51,AUD,1250.35
2000000209,Green Energy Co,2024-11-06,2024-11-07,3141.53,CAD,1822.09
2000000210,Titan Manufacturing,2024-11-08,2024-11-13,3413.59,EUR,2901.55
2000000211,BluePrints,2024-11-09,2024-11-11,16855.87,GBP,16855.87
2000000212,Fast Travel,2025-01-17,2025-01-18,14896.27,USD,11768.05
2000000213,ABC Supplies,2025-01-25,2025-01-28,1216.85,USD,961.31
2000000214,TechFlow Solutions,2025-01-14,2025-01-17,9128.98,CAD,5294.81
2000000215,Titan Manufacturing,2024-12-01,2024-11-30,2928.09,CAD,1698.29
2000000216,BluePrints,2025-01-07,2025-01-08,18037.39,EUR,15331.78
2000000217,ABC Supplies,2025-01-08,2025-01-06,24352.71,GBP,24352.71
2000000218,Global Office,2025-01-04,2025-01-09,9478.34,CAD,5497.44
2000000219,ABC Supplies,2024-12-27,2024-12-26,4930.79,EUR,4191.17
2000000220,Green Energy Co,2024-12-25,2024-12-26,13099.15,AUD,6811.56
2000000221,Fast Travel,2024-12-11,2024-12-10,11914.59,CAD,6910.46
2000000222,ABC Supplies,2025-01-03,2025-01-06,17765.91,CAD,10304.23
2000000223,BluePrints,2024-11-11,2024-11-14,12595.96,AUD,6549.9
2000000224,TechFlow Solutions,2024-12-29,2024-12-31,17332.64,AUD,9012.97
2000000225,Global Office,2025-01-10,2025-01-14,7619.44,AUD,3962.11
2000000226,Global Office,2024-11-09,2024-11-14,23507.51,EUR,19981.38
2000000227,ABC Supplies,2024-11-02,2024-11-07,16966.34,AUD,8822.5
2000000228,Apex Consulting,2025-01-06,2025-01-05,3420.84,AUD,1778.84
2000000229,Green Energy Co,2025-01-28,2025-01-27,18665.09,USD,14745.42
2000000230,Fast Travel,2024-12-17,2024-12-18,8796.48,CAD,5101.96
2000000231,Green Energy Co,2024-11-16,2024-11-17,21033.67,AUD,10937.51
2000000232,TechFlow Solutions,2025-01-31,2025-02-02,19029.42,AUD,9895.3
2000000233,Nexus Logistics,2024-12-31,2025-01-04,24694.32,CAD,14322.71
2000000234,TechFlow Solutions,2024-11-19,2024-11-24,3146.9,EUR,2674.86
2000000235,Apex Consulting,2025-01-03,2025-01-04,15895.09,USD,12557.12
2000000236,BluePrints,2024-11-13,2024-11-11,20842.66,AUD,10838.18
2000000237,BluePrints,2024-11-23,2024-11-27,15312.31,EUR,13015.46
2000000238,ABC Supplies,2024-12-09,2024-12-08,19124.2,CAD,11092.04
2000000239,Apex Consulting,2024-12-30,2024-12-31,7692.29,AUD,3999.99
2000000240,Apex Consulting,2025-01-04,2025-01-06,13789.73,CAD,7998.04
2000000241,Starlight Media,2024-11-03,2024-11-01,24772.43,GBP,24772.43
2000000242,Green Energy Co,2024-12-28,2024-12-31,21395.42,AUD,11125.62
2000000243,Apex Consulting,2024-11-05,2024-11-03,4833.29,EUR,4108.3
2000000244,ABC Supplies,2025-01-02,2025-01-06,3794.96,AUD,1973.38
2000000245,Apex Consulting,2024-11-15,2024-11-20,16671.93,CAD,9669.72
2000000246,Titan Manufacturing,2024-12-31,2025-01-05,14275.26,USD,11277.46
2000000247,Starlight Media,2024-11-08,2024-11-12,6953.08,CAD,4032.79
2000000248,Green Energy Co,2025-01-18,2025-01-21,19278.53,EUR,16386.75
2000000249,Nexus Logistics,2024-11-08,2024-11-06,14966.35,USD,11823.42
2000000250,Nexus Logistics,2024-12-15,2024-12-13,19247.25,EUR,16360.16
2000000251,Green Energy Co,2024-11-13,2024-11-17,8956.0,EUR,7612.6
2000000252,Green Energy Co,2024-12-15,2024-12-13,16700.38,USD,13193.3
2000000253,Global Office,2025-01-22,2025-01-24,15017.03,GBP,15017.03
2000000254,TechFlow Solutions,2024-11-15,2024-11-18,4659.59,CAD,2702.56
2000000255,Nexus Logistics,2024-11-05,2024-11-10,16615.31,AUD,8639.96
2000000256,Titan Manufacturing,2025-01-05,2025-01-09,7032.16,AUD,3656.72
2000000257,Titan Manufacturing,2024-11-03,2024-11-06,9754.57,AUD,5072.38
2000000258,Nexus Logistics,2025-01-13,2025-01-12,20304.0,GBP,20304.0
2000000259,Global Office,2024-12-14,2024-12-19,12817.83,EUR,10895.16
2000000260,ABC Supplies,2025-01-18,2025-01-20,9401.69,AUD,4888.88
2000000261,Global Office,2025-01-03,2025-01-02,21089.32,CAD,12231.81
2000000262,Global Office,2024-12-07,2024-12-09,1664.52,CAD,965.42
2000000263,Green Energy Co,2024-11-29,2024-11-28,18083.82,CAD,10488.62
2000000264,Fast Travel,2025-01-15,2025-01-18,7197.44,CAD,4174.52
2000000265,Starlight Media,2024-12-31,2025-01-04,5638.61,GBP,5638.61
2000000266,TechFlow Solutions,2025-01-04,2025-01-06,11106.31,CAD,6441.66
2000000267,Nexus Logistics,2024-11-26,2024-11-30,10356.37,CAD,6006.69
2000000268,Starlight Media,2024-12-29,2024-12-29,22081.97,CAD,12807.54
2000000269,ABC Supplies,2025-01-13,2025-01-18,5717.34,AUD,2973.02
2000000270,TechFlow Solutions,2025-01-21,2025-01-25,23398.58,GBP,23398.58
2000000271,Starlight Media,2024-11-26,2024-11-29,11830.92,USD,9346.43
2000000272,ABC Supplies,2025-01-27,2025-01-29,21180.99,AUD,11014.11
2000000273,Nexus Logistics,2024-11-09,2024-11-10,21226.19,EUR,18042.26
2000000274,TechFlow Solutions,2025-01-22,2025-01-22,6782.94,CAD,3934.11
2000000275,Global Office,2024-12-22,2024-12-23,3282.19,USD,2592.93
2000000276,BluePrints,2024-12-02,2024-12-04,11871.91,CAD,6885.71
2000000277,Green Energy Co,2024-12-25,2024-12-23,5448.77,EUR,4631.45
2000000278,ABC Supplies,2024-11-04,2024-11-06,19846.91,EUR,16869.87
2000000279,Starlight Media,2024-11-23,2024-11-21,24112.78,AUD,12538.65
2000000280,BluePrints,2024-11-08,2024-11-07,8190.67,EUR,6962.07
2000000281,Fast Travel,2024-12-23,2024-12-26,16955.97,GBP,16955.97
2000000282,Green Energy Co,2025-02-01,2025-02-01,6283.01,CAD,3644.15
2000000283,Starlight Media,2024-11-16,2024-11-18,12663.05,GBP,12663.05
2000000284,Global Office,2025-01-16,2025-01-15,19443.18,EUR,16526.7
2000000285,Nexus Logistics,2025-01-14,2025-01-18,20243.12,USD,15992.06
2000000286,Green Energy Co,2024-11-28,2024-11-28,3116.94,USD,2462.38
2000000287,TechFlow Solutions,2024-12-27,2024-12-31,6730.5,CAD,3903.69
2000000288,BluePrints,2025-01-02,2025-01-05,17640.63,GBP,17640.63
2000000289,Nexus Logistics,2025-01-09,2025-01-13,12133.93,USD,9585.8
2000000290,TechFlow Solutions,2024-11-19,2024-11-22,12142.93,EUR,10321.49
2000000291,TechFlow Solutions,2024-11-03,2024-11-01,21116.09,GBP,21116.09
2000000292,Global Office,2024-12-03,2024-12-07,8077.08,EUR,6865.52
2000000293,Fast Travel,2025-01-08,2025-01-09,21512.35,AUD,11186.42
2000000294,BluePrints,2024-12-21,2024-12-23,7871.76,USD,6218.69
2000000295,TechFlow Solutions,2024-11-27,2024-11-27,22939.32,EUR,19498.42
2000000296,Green Energy Co,2024-11-05,2024-11-07,21727.89,AUD,11298.5
2000000297,Apex Consulting,2024-12-23,2024-12-26,18075.96,GBP,18075.96
2000000298,ABC Supplies,2025-01-29,2025-01-31,12905.2,EUR,10969.42
2000000299,Green Energy Co,2025-01-17,2025-01-20,11604.91,GBP,11604.91
2000000300,BluePrints,2025-01-22,2025-01-22,15938.83,USD,12591.68
2000000301,BluePrints,2024-12-22,2024-12-23,15893.26,EUR,13509.27
2000000302,Titan Manufacturing,2024-11-11,2024-11-10,4366.65,CAD,2532.66
2000000303,ABC Supplies,2025-01-16,2025-01-20,19919.74,EUR,16931.78
2000000304,Apex Consulting,2025-01-01,2025-01-01,6886.66,CAD,3994.26
2000000305,Nexus Logistics,2024-12-07,2024-12-08,2567.77,EUR,2182.6
2000000306,ABC Supplies,2024-12-21,2024-12-25,23646.55,CAD,13715.0
2000000307,Global Office,2024-11-03,2024-11-01,23116.25,CAD,13407.42
2000000308,Global Office,2024-11-12,2024-11-17,5357.52,USD,4232.44
2000000309,BluePrints,2024-12-22,2024-12-26,15209.62,USD,12015.6
2000000310,Fast Travel,2024-12-18,2024-12-18,23707.47,GBP,23707.47
2000000311,BluePrints,2025-01-31,2025-02-04,19447.3,AUD,10112.6
2000000312,Apex Consulting,2024-11-16,2024-11-17,17982.31,USD,14206.02
2000000313,TechFlow Solutions,2024-12-07,2024-12-12,9860.8,AUD,5127.62
2000000314,Global Office,2025-01-16,2025-01-17,24882.58,EUR,21150.19
2000000315,Global Office,2024-12-24,2024-12-24,10508.84,USD,8301.98
2000000316,BluePrints,2024-12-08,2024-12-10,6269.4,AUD,3260.09
2000000317,Global Office,2024-12-18,2024-12-23,2600.6,AUD,1352.31
2000000318,ABC Supplies,2024-12-12,2024-12-16,17327.89,AUD,9010.5
2000000319,Green Energy Co,2025-01-16,2025-01-18,2289.86,CAD,1328.12
2000000320,BluePrints,2024-11-07,2024-11-10,23311.08,AUD,12121.76
2000000321,Nexus Logistics,2025-01-17,2025-01-15,631.34,CAD,366.18
2000000322,Titan Manufacturing,2024-12-19,2024-12-21,24449.33,EUR,20781.93
2000000323,ABC Supplies,2025-01-11,2025-01-09,14721.93,EUR,12513.64
2000000324,ABC Supplies,2025-01-04,2025-01-09,23293.01,AUD,12112.37
2000000325,ABC Supplies,2024-11-12,2024-11-15,17901.26,AUD,9308.66
2000000326,ABC Supplies,2024-12-04,2024-12-03,8175.11,USD,6458.34
2000000327,Apex Consulting,2024-12-06,2024-12-09,23192.81,EUR,19713.89
2000000328,TechFlow Solutions,2025-01-18,2025-01-20,13165.83,AUD,6846.23
2000000329,ABC Supplies,2024-12-11,2024-12-16,19210.05,USD,15175.94
2000000330,Starlight Media,2025-01-24,2025-01-29,1803.94,USD,1425.11
2000000331,BluePrints,2024-11-30,2024-11-30,1378.63,EUR,1171.84
2000000332,ABC Supplies,2025-01-30,2025-02-04,11192.53,AUD,5820.12
2000000333,BluePrints,2024-12-27,2024-12-30,24726.06,CAD,14341.11
2000000334,Apex Consulting,2024-12-29,2025-01-03,3256.03,USD,2572.26
2000000335,Fast Travel,2024-12-15,2024-12-14,5491.48,EUR,4667.76
2000000336,ABC Supplies,2024-11-22,2024-11-24,14299.56,CAD,8293.74
2000000337,Global Office,2025-01-14,2025-01-12,13387.38,CAD,7764.68
2000000338,ABC Supplies,2024-12-24,2024-12-23,6530.86,AUD,3396.05
2000000339,Fast Travel,2024-12-13,2024-12-11,7464.89,GBP,7464.89
2000000340,Green Energy Co,2024-12-18,2024-12-17,21005.94,USD,16594.69
2000000341,BluePrints,2024-11-11,2024-11-16,20852.13,AUD,10843.11
2000000342,Apex Consulting,2025-01-20,2025-01-22,15058.0,GBP,15058.0
2000000343,Nexus Logistics,2024-11-06,2024-11-11,8460.43,CAD,4907.05
2000000344,ABC Supplies,2024-11-28,2024-11-26,20138.17,EUR,17117.44
2000000345,Nexus Logistics,2024-11-08,2024-11-07,13905.33,CAD,8065.09
2000000346,Green Energy Co,2024-11-12,2024-11-16,6751.52,USD,5333.7
2000000347,Green Energy Co,2024-11-12,2024-11-10,21382.47,USD,16892.15
2000000348,Green Energy Co,2024-12-22,2024-12-24,16355.62,USD,12920.94
2000000349,Fast Travel,2024-12-09,2024-12-14,20126.96,EUR,17107.92
2000000350,Titan Manufacturing,2024-11-17,2024-11-20,16805.25,EUR,14284.46
2000000351,Starlight Media,2024-11-26,2024-12-01,11413.34,AUD,5934.94
2000000352,Apex Consulting,2024-12-05,2024-12-09,2710.45,AUD,1409.43
2000000353,Nexus Logistics,2025-01-18,2025-01-18,11135.6,AUD,5790.51
2000000354,Fast Travel,2024-11-06,2024-11-09,24345.16,USD,19232.68
2000000355,ABC Supplies,2025-01-03,2025-01-02,7622.22,AUD,3963.55
2000000356,Fast Travel,2025-01-01,2025-01-03,4140.86,USD,3271.28
2000000357,TechFlow Solutions,2024-12-02,2024-12-06,7739.3,GBP,7739.3
2000000358,Starlight Media,2024-11-10,2024-11-08,13078.66,CAD,7585.62
2000000359,Green Energy Co,2024-12-23,2024-12-22,11884.08,CAD,6892.77
2000000360,TechFlow Solutions,2024-12-16,2024-12-18,14846.41,CAD,8610.92
2000000361,BluePrints,2024-11-15,2024-11-20,4899.03,USD,3870.23
2000000362,Green Energy Co,2024-11-06,2024-11-05,10698.16,EUR,9093.44
2000000363,Nexus Logistics,2025-01-15,2025-01-20,19055.18,AUD,9908.69
2000000364,Titan Manufacturing,2024-12-04,2024-12-07,24184.63,USD,19105.86
2000000365,Global Office,2024-11-24,2024-11-23,18802.22,CAD,10905.29
2000000366,TechFlow Solutions,2025-01-26,2025-01-25,11128.07,GBP,11128.07
2000000367,BluePrints,2024-12-21,2024-12-20,825.96,AUD,429.5
2000000368,Apex Consulting,2025-01-28,2025-02-01,21785.12,CAD,12635.37
2000000369,Apex Consulting,2024-12-09,2024-12-12,17421.23,AUD,9059.04
2000000370,TechFlow Solutions,2024-11-12,2024-11-12,3810.29,USD,3010.13
2000000371,Fast Travel,2024-11-03,2024-11-04,21545.79,USD,17021.17
2000000372,Apex Consulting,2025-01-23,2025-01-23,16418.63,AUD,8537.69
2000000373,Starlight Media,2024-11-25,2024-11-24,7872.49,AUD,4093.69
2000000374,ABC Supplies,2024-12-31,2025-01-04,1034.51,USD,817.26
2000000375,ABC Supplies,2025-01-29,2025-02-03,24114.74,AUD,12539.66
2000000376,BluePrints,2024-12-28,2024-12-29,5432.79,CAD,3151.02
2000000377,Green Energy Co,2024-11-07,2024-11-10,692.92,AUD,360.32
2000000378,Green Energy Co,2025-01-03,2025-01-05,1406.92,AUD,731.6
2000000379,Apex Consulting,2025-01-05,2025-01-10,6181.69,GBP,6181.69
2000000380,Starlight Media,2024-11-03,2024-11-07,14621.88,CAD,8480.69
2000000381,Fast Travel,2024-12-05,2024-12-09,22283.94,GBP,22283.94
2000000382,Apex Consulting,2025-01-19,2025-01-22,11483.97,AUD,5971.66
2000000383,BluePrints,2024-11-21,2024-11-23,18292.12,AUD,9511.9
2000000384,Nexus Logistics,2024-12-27,2024-12-28,12937.08,CAD,7503.51
2000000385,Nexus Logistics,2025-01-17,2025-01-22,3713.38,EUR,3156.37
2000000386,Green Energy Co,2024-12-24,2024-12-27,20001.33,USD,15801.05
2000000387,Titan Manufacturing,2024-11-27,2024-11-29,17422.09,GBP,17422.09
2000000388,Apex Consulting,2024-11-17,2024-11-17,5387.36,CAD,3124.67
2000000389,Apex Consulting,2024-11-13,2024-11-17,23604.84,AUD,12274.52
2000000390,TechFlow Solutions,2024-12-01,2024-12-02,14142.35,GBP,14142.35
2000000391,Nexus Logistics,2024-12-04,2024-12-07,17084.73,USD,13496.94
2000000392,Starlight Media,2024-11-05,2024-11-04,8774.5,GBP,8774.5
2000000393,Titan Manufacturing,2024-11-30,2024-11-29,14268.55,AUD,7419.65
2000000394,TechFlow Solutions,2024-12-14,2024-12-17,19349.66,CAD,11222.8
2000000395,TechFlow Solutions,2024-11-20,2024-11-19,17806.92,AUD,9259.6
2000000396,Apex Consulting,2024-11-15,2024-11-14,19650.48,CAD,11397.28
2000000397,Fast Travel,2025-01-11,2025-01-09,12928.99,USD,10213.9
2000000398,Fast Travel,2024-11-27,2024-11-30,4347.3,EUR,3695.2
2000000399,Apex Consulting,2025-01-04,2025-01-09,18447.52,GBP,18447.52
2000000400,ABC Supplies,2025-01-22,2025-01-25,8697.88,USD,6871.33
2000000401,Fast Travel,2024-11-26,2024-12-01,24256.1,GBP,24256.1
2000000402,Global Office,2024-12-31,2025-01-03,7525.58,USD,5945.21
2000000403,Fast Travel,2024-12-05,2024-12-08,18022.39,AUD,9371.64
2000000404,Nexus Logistics,2025-01-20,2025-01-21,4214.47,CAD,2444.39
2000000405,Green Energy Co,2024-11-30,2024-11-30,20143.33,AUD,10474.53
2000000406,Green Energy Co,2024-12-29,2025-01-01,23621.64,AUD,12283.25
2000000407,ABC Supplies,2024-11-02,2024-11-01,2577.07,EUR,2190.51
2000000408,Green Energy Co,2024-11-22,2024-11-26,2005.97,GBP,2005.97
2000000409,ABC Supplies,2025-01-13,2025-01-11,24454.46,CAD,14183.59
2000000410,TechFlow Solutions,2024-12-24,2024-12-28,22201.68,CAD,12876.97
2000000411,TechFlow Solutions,2025-02-01,2025-02-04,22776.16,GBP,22776.16
2000000412,TechFlow Solutions,2025-01-07,2025-01-07,17657.23,AUD,9181.76
2000000413,Global Office,2025-01-09,2025-01-14,17588.04,AUD,9145.78
2000000414,Global Office,2024-12-09,2024-12-08,1405.77,EUR,1194.9
2000000415,Green Energy Co,2025-02-01,2025-02-01,13251.51,CAD,7685.88
2000000416,TechFlow Solutions,2024-11-28,2024-11-27,13035.95,EUR,11080.56
2000000417,Starlight Media,2024-12-14,2024-12-14,1073.83,CAD,622.82
2000000418,Titan Manufacturing,2024-12-04,2024-12-05,20889.61,EUR,17756.17
2000000419,Green Energy Co,2025-01-04,2025-01-03,18433.66,EUR,15668.61
2000000420,TechFlow Solutions,2025-01-20,2025-01-23,3533.42,GBP,3533.42
2000000421,Apex Consulting,2024-12-09,2024-12-07,11602.11,USD,9165.67
2000000422,Titan Manufacturing,2025-01-12,2025-01-13,9083.26,EUR,7720.77
2000000423,Titan Manufacturing,2025-01-26,2025-01-26,18001.6,CAD,10440.93
2000000424,Global Office,2024-11-14,2024-11-17,13153.07,USD,10390.93
2000000425,Nexus Logistics,2024-12-29,2024-12-28,4090.55,AUD,2127.09
2000000426,Green Energy Co,2024-11-11,2024-11-10,2023.74,USD,1598.75
2000000427,Apex Consulting,2024-11-28,2024-12-03,2412.78,CAD,1399.41
2000000428,Green Energy Co,2025-01-15,2025-01-19,21864.36,CAD,12681.33
2000000429,Apex Consulting,2025-01-21,2025-01-25,24914.54,AUD,12955.56
2000000430,Green Energy Co,2024-11-21,2024-11-21,12891.75,AUD,6703.71
2000000431,Apex Consulting,2024-11-17,2024-11-16,17514.53,AUD,9107.56
2000000432,Apex Consulting,2024-11-05,2024-11-05,23629.7,EUR,20085.24
2000000433,Fast Travel,2025-01-17,2025-01-21,3203.24,EUR,2722.75
2000000434,Titan Manufacturing,2024-12-08,2024-12-06,13308.05,GBP,13308.05
2000000435,Nexus Logistics,2024-12-10,2024-12-13,7929.87,AUD,4123.53
2000000436,BluePrints,2024-11-19,2024-11-19,19702.92,AUD,10245.52
2000000437,BluePrints,2024-12-10,2024-12-12,5781.75,AUD,3006.51
2000000438,BluePrints,2024-11-16,2024-11-19,2155.33,GBP,2155.33
2000000439,Green Energy Co,2025-01-01,2025-01-03,14361.22,EUR,12207.04
2000000440,Green Energy Co,2024-12-31,2024-12-31,19167.81,CAD,11117.33
2000000441,Apex Consulting,2024-12-28,2025-01-02,4150.07,EUR,3527.56
2000000442,Fast Travel,2025-01-19,2025-01-23,9987.26,AUD,5193.38
2000000443,Nexus Logistics,2025-01-09,2025-01-07,23972.95,AUD,12465.93
2000000444,TechFlow Solutions,2025-01-22,2025-01-21,21715.86,GBP,21715.86
2000000445,Titan Manufacturing,2025-01-20,2025-01-22,14245.59,GBP,14245.59
2000000446,Starlight Media,2024-11-11,2024-11-12,23901.62,CAD,13862.94
2000000447,Titan Manufacturing,2024-11-07,2024-11-08,18888.69,CAD,10955.44
2000000448,BluePrints,2024-11-16,2024-11-16,24078.23,EUR,20466.5
2000000449,Global Office,2024-12-02,2024-12-07,2573.87,CAD,1492.84
2000000450,Titan Manufacturing,2024-12-12,2024-12-16,14927.88,AUD,7762.5
2000000451,BluePrints,2024-12-14,2024-12-18,4922.45,GBP,4922.45
2000000452,Starlight Media,2024-12-11,2024-12-15,6800.86,GBP,6800.86
2000000453,Fast Travel,2025-01-09,2025-01-09,7491.12,USD,5917.98
2000000454,TechFlow Solutions,2024-11-12,2024-11-12,8016.46,AUD,4168.56
2000000455,ABC Supplies,2024-11-08,2024-11-11,4945.72,GBP,4945.72
2000000456,TechFlow Solutions,2024-12-20,2024-12-19,8341.02,AUD,4337.33
2000000457,Nexus Logistics,2024-12-04,2024-12-08,23568.65,GBP,23568.65
2000000458,BluePrints,2024-11-26,2024-11-27,18927.28,CAD,10977.82
2000000459,Global Office,2025-01-03,2025-01-07,23759.25,EUR,20195.36
2000000460,BluePrints,2024-12-11,2024-12-16,14051.47,GBP,14051.47
2000000461,Apex Consulting,2024-11-04,2024-11-08,16021.76,GBP,16021.76
2000000462,TechFlow Solutions,2025-01-10,2025-01-09,6534.74,CAD,3790.15
2000000463,ABC Supplies,2024-12-09,2024-12-13,11426.57,CAD,6627.41
2000000464,Global Office,2024-11-19,2024-11-22,13740.77,USD,10855.21
2000000465,Global Office,2025-01-08,2025-01-12,24053.13,CAD,13950.82
2000000466,Apex Consulting,2024-11-06,2024-11-04,20409.77,CAD,11837.67
2000000467,TechFlow Solutions,2025-01-23,2025-01-23,513.3,AUD,266.92
2000000468,TechFlow Solutions,2025-01-16,2025-01-18,21067.45,AUD,10955.07
2000000469,Nexus Logistics,2025-01-20,2025-01-21,14836.4,CAD,8605.11
2000000470,TechFlow Solutions,2024-11-06,2024-11-06,18609.98,CAD,10793.79
2000000471,Fast Travel,2024-12-09,2024-12-08,10184.97,GBP,10184.97
2000000472,ABC Supplies,2025-02-01,2025-02-03,22017.84,USD,17394.09
2000000473,Titan Manufacturing,2025-01-04,2025-01-07,22156.32,EUR,18832.87
2000000474,TechFlow Solutions,2025-01-30,2025-02-04,7188.82,EUR,6110.5
2000000475,Nexus Logistics,2024-11-27,2024-12-02,23995.32,EUR,20396.02
2000000476,BluePrints,2025-01-28,2025-01-28,16337.86,GBP,16337.86
2000000477,Titan Manufacturing,2024-12-31,2024-12-29,22585.4,USD,17842.47
2000000478,Green Energy Co,2025-01-11,2025-01-16,19180.4,CAD,11124.63
2000000479,Fast Travel,2025-01-23,2025-01-22,13696.91,AUD,7122.39
2000000480,Fast Travel,2024-12-16,2024-12-20,20772.94,EUR,17657.0
2000000481,Green Energy Co,2024-11-23,2024-11-21,3556.71,EUR,3023.2
2000000482,Global Office,2024-12-27,2024-12-25,5927.26,GBP,5927.26
2000000483,TechFlow Solutions,2025-01-27,2025-01-30,5192.04,CAD,3011.38
2000000484,TechFlow Solutions,2025-01-31,2025-02-01,6239.32,AUD,3244.45
2000000485,Nexus Logistics,2024-11-05,2024-11-07,12574.53,CAD,7293.23
2000000486,Global Office,2024-11-01,2024-11-02,24614.46,AUD,12799.52
2000000487,Fast Travel,2024-12-06,2024-12-11,4676.69,USD,3694.59
2000000488,Titan Manufacturing,2025-01-26,2025-01-26,2101.34,USD,1660.06
2000000489,Fast Travel,2024-11-17,2024-11-19,23372.3,USD,18464.12
2000000490,Starlight Media,2024-12-06,2024-12-07,21267.85,GBP,21267.85
2000000491,Starlight Media,2025-01-18,2025-01-20,17176.67,AUD,8931.87
2000000492,BluePrints,2024-12-25,2024-12-23,21419.57,EUR,18206.63
2000000493,Green Energy Co,2024-12-23,2024-12-25,3482.08,CAD,2019.61
2000000494,Apex Consulting,2025-01-03,2025-01-06,13172.79,GBP,13172.79
2000000495,Global Office,2024-11-07,2024-11-09,23000.59,CAD,13340.34
2000000496,Apex Consulting,2024-12-11,2024-12-09,10100.54,EUR,8585.46
2000000497,Fast Travel,2025-01-13,2025-01-11,24761.48,USD,19561.57
2000000498,Green Energy Co,2024-11-10,2024-11-11,5323.48,EUR,4524.96
2000000499,TechFlow Solutions,2024-11-09,2024-11-08,1182.88,AUD,615.1
2000000500,BluePrints,2025-01-15,2025-01-18,21092.44,USD,16663.03
2000000501,Fast Travel,2024-12-31,2025-01-01,23990.67,GBP,23990.67
2000000502,Nexus Logistics,2025-01-06,2025-01-07,23616.92,CAD,13697.81
2000000503,Titan Manufacturing,2024-12-27,2024-12-26,15821.04,CAD,9176.2
2000000504,Fast Travel,2024-11-11,2024-11-09,22959.5,AUD,11938.94
2000000505,Nexus Logistics,2025-01-28,2025-01-27,19674.83,GBP,19674.83
2000000506,Apex Consulting,2024-11-08,2024-11-10,15463.1,AUD,8040.81
2000000507,Fast Travel,2024-11-14,2024-11-12,14201.82,EUR,12071.55
2000000508,Green Energy Co,2024-12-22,2024-12-21,15623.9,AUD,8124.43
2000000509,Global Office,2025-01-16,2025-01-14,11608.58,AUD,6036.46
2000000510,Green Energy Co,2025-01-19,2025-01-18,8820.6,GBP,8820.6
2000000511,Apex Consulting,2025-01-06,2025-01-09,14901.43,GBP,14901.43
2000000512,Fast Travel,2024-11-02,2024-11-01,15025.72,USD,11870.32
2000000513,Titan Manufacturing,2024-11-17,2024-11-19,9207.08,AUD,4787.68
2000000514,Titan Manufacturing,2024-12-27,2024-12-27,6457.24,GBP,6457.24
2000000515,BluePrints,2024-11-17,2024-11-19,14820.8,CAD,8596.06
2000000516,Nexus Logistics,2024-12-10,2024-12-10,4111.52,EUR,3494.79
2000000517,Titan Manufacturing,2024-12-14,2024-12-16,9536.33,GBP,9536.33
2000000518,Starlight Media,2025-01-15,2025-01-15,1904.28,CAD,1104.48
2000000519,Starlight Media,2024-11-07,2024-11-11,8923.49,USD,7049.56
2000000520,Global Office,2024-11-09,2024-11-12,5139.21,AUD,2672.39
2000000521,Apex Consulting,2025-01-16,2025-01-19,21374.21,CAD,12397.04
2000000522,Nexus Logistics,2025-01-18,2025-01-20,10758.03,USD,8498.84
2000000523,Fast Travel,2024-12-29,2024-12-27,12650.3,GBP,12650.3
2000000524,Global Office,2025-01-28,2025-01-29,11930.15,USD,9424.82
2000000525,Global Office,2025-01-01,2025-01-04,20278.15,AUD,10544.64
2000000526,Global Office,2024-12-22,2024-12-22,20739.07,GBP,20739.07
2000000527,Nexus Logistics,2024-11-02,2024-11-01,9268.22,CAD,5375.57
2000000528,Fast Travel,2024-11-19,2024-11-21,11290.0,CAD,6548.2
2000000529,Nexus Logistics,2024-11-06,2024-11-04,5378.51,EUR,4571.73
2000000530,ABC Supplies,2024-11-29,2024-12-01,18111.5,EUR,15394.77
2000000531,Starlight Media,2024-12-02,2024-12-02,5301.7,USD,4188.34
2000000532,TechFlow Solutions,2024-11-13,2024-11-11,20870.42,USD,16487.63
2000000533,Green Energy Co,2025-01-23,2025-01-22,8790.39,USD,6944.41
2000000534,TechFlow Solutions,2024-12-29,2024-12-30,9556.2,EUR,8122.77
2000000535,ABC Supplies,2025-01-07,2025-01-11,22020.5,GBP,22020.5
2000000536,Fast Travel,2024-11-19,2024-11-19,19975.0,USD,15780.25
2000000537,Starlight Media,2024-12-19,2024-12-22,8289.81,AUD,4310.7
2000000538,Global Office,2024-11-06,2024-11-07,21433.67,EUR,18218.62
2000000539,ABC Supplies,2024-12-12,2024-12-13,1804.84,EUR,1534.11
2000000540,ABC Supplies,2025-01-05,2025-01-10,5626.32,GBP,5626.32
2000000541,Apex Consulting,2025-01-24,2025-01-23,4602.12,AUD,2393.1
2000000542,Starlight Media,2024-12-18,2024-12-23,13212.86,USD,10438.16
2000000543,Nexus Logistics,2025-01-31,2025-02-03,13374.15,AUD,6954.56
2000000544,Apex Consulting,2024-12-31,2025-01-02,14739.07,CAD,8548.66
2000000545,BluePrints,2024-11-27,2024-11-28,22424.67,AUD,11660.83
2000000546,Global Office,2024-12-21,2024-12-22,7996.98,AUD,4158.43
2000000547,Titan Manufacturing,2024-11-21,2024-11-24,6735.97,GBP,6735.97
2000000548,ABC Supplies,2024-11-11,2024-11-13,11390.38,EUR,9681.82
2000000549,Global Office,2025-01-14,2025-01-12,11898.7,CAD,6901.25
2000000550,Nexus Logistics,2024-12-25,2024-12-30,11955.0,AUD,6216.6
2000000551,Nexus Logistics,2025-01-03,2025-01-06,7188.98,GBP,7188.98
2000000552,ABC Supplies,2024-12-27,2024-12-28,7007.81,GBP,7007.81
2000000553,Nexus Logistics,2024-11-11,2024-11-13,21143.78,CAD,12263.39
2000000554,Starlight Media,2025-01-22,2025-01-21,19753.9,USD,15605.58
2000000555,Fast Travel,2024-11-16,2024-11-15,9325.8,CAD,5408.96
2000000556,Global Office,2024-12-13,2024-12-14,17040.13,EUR,14484.11
2000000557,TechFlow Solutions,2025-01-27,2025-01-29,5170.74,CAD,2999.03
2000000558,ABC Supplies,2025-01-31,2025-02-02,709.08,EUR,602.72
2000000559,TechFlow Solutions,2024-12-15,2024-12-19,23672.47,CAD,13730.03
2000000560,BluePrints,2024-12-31,2024-12-31,21703.92,USD,17146.1
2000000561,Global Office,2025-02-01,2025-02-02,12123.74,CAD,7031.77
2000000562,Titan Manufacturing,2025-01-10,2025-01-15,18201.5,AUD,9464.78
2000000563,Nexus Logistics,2024-11-11,2024-11-14,21222.14,AUD,11035.51
2000000564,Green Energy Co,2024-11-27,2024-12-02,11524.31,CAD,6684.1
2000000565,BluePrints,2024-12-18,2024-12-18,14648.96,USD,11572.68
2000000566,TechFlow Solutions,2024-11-02,2024-11-07,20354.83,EUR,17301.61
2000000567,Nexus Logistics,2024-11-29,2024-12-03,10930.12,AUD,5683.66
2000000568,Starlight Media,2024-12-09,2024-12-12,14880.4,CAD,8630.63
2000000569,BluePrints,2024-11-18,2024-11-18,24442.46,EUR,20776.09
2000000570,Titan Manufacturing,2025-01-20,2025-01-24,24514.22,USD,19366.23
2000000571,Green Energy Co,2024-11-09,2024-11-13,5114.3,GBP,5114.3
2000000572,Nexus Logistics,2025-01-12,2025-01-17,16155.58,EUR,13732.24
2000000573,Fast Travel,2024-11-22,2024-11-21,17034.7,USD,13457.41
2000000574,BluePrints,2025-01-28,2025-02-02,1157.54,USD,914.46
2000000575,Fast Travel,2024-12-20,2024-12-22,5544.36,EUR,4712.71
2000000576,Starlight Media,2024-11-09,2024-11-14,1907.6,CAD,1106.41
2000000577,BluePrints,2024-11-22,2024-11-25,21562.83,AUD,11212.67
2000000578,Green Energy Co,2024-11-21,2024-11-20,3663.87,AUD,1905.21
2000000579,Apex Consulting,2024-11-09,2024-11-13,23899.87,USD,18880.9
2000000580,ABC Supplies,2024-11-27,2024-11-29,11088.92,AUD,5766.24
2000000581,ABC Supplies,2025-01-17,2025-01-19,14893.55,CAD,8638.26
2000000582,Apex Consulting,2024-12-06,2024-12-07,682.36,USD,539.06
2000000583,Apex Consulting,2024-11-09,2024-11-13,15318.79,USD,12101.84
2000000584,Starlight Media,2024-12-13,2024-12-18,11775.01,CAD,6829.51
2000000585,BluePrints,2024-11-12,2024-11-14,16334.33,AUD,8493.85
2000000586,Nexus Logistics,2025-01-29,2025-01-31,10081.71,USD,7964.55
2000000587,Green Energy Co,2024-12-02,2024-12-02,22549.13,AUD,11725.55
2000000588,Apex Consulting,2024-12-20,2024-12-20,17613.79,GBP,17613.79
2000000589,Green Energy Co,2025-01-29,2025-01-27,6372.53,USD,5034.3
2000000590,TechFlow Solutions,2025-01-20,2025-01-22,16833.1,GBP,16833.1
2000000591,Global Office,2025-01-03,2025-01-07,24813.55,CAD,14391.86
2000000592,Fast Travel,2024-12-18,2024-12-17,19007.22,CAD,11024.19
2000000593,Nexus Logistics,2024-12-23,2024-12-28,4538.56,USD,3585.46
2000000594,Starlight Media,2024-11-06,2024-11-11,1154.59,AUD,600.39
2000000595,Green Energy Co,2024-12-14,2024-12-18,21466.44,AUD,11162.55
2000000596,BluePrints,2024-11-02,2024-11-04,3309.73,USD,2614.69
2000000597,Nexus Logistics,2025-01-25,2025-01-30,12376.6,GBP,12376.6
2000000598,Fast Travel,2025-01-10,2025-01-11,17982.75,AUD,9351.03
2000000599,ABC Supplies,2024-12-31,2025-01-02,21118.28,USD,16683.44
2000000600,BluePrints,2025-01-17,2025-01-16,4842.3,GBP,4842.3
2000000601,Starlight Media,2024-12-21,2024-12-21,2400.84,GBP,2400.84
2000000602,TechFlow Solutions,2024-11-20,2024-11-25,9273.13,USD,7325.77
2000000603,BluePrints,2025-01-26,2025-01-27,11330.42,GBP,11330.42
2000000604,Starlight Media,2025-01-22,2025-01-21,10070.15,EUR,8559.63
2000000605,Apex Consulting,2024-11-07,2024-11-05,1692.29,AUD,879.99
2000000606,Global Office,2024-12-02,2024-12-05,22764.53,USD,17983.98
2000000607,Fast Travel,2024-11-03,2024-11-07,1184.63,GBP,1184.63
2000000608,Nexus Logistics,2024-11-25,2024-11-24,5903.91,GBP,5903.91
2000000609,ABC Supplies,2025-02-01,2025-02-01,1578.31,CAD,915.42
2000000610,Fast Travel,2024-12-12,2024-12-15,14270.33,USD,11273.56
2000000611,Titan Manufacturing,2024-11-27,2024-12-01,23503.62,GBP,23503.62
2000000612,Global Office,2024-11-28,2024-11-27,9236.12,USD,7296.53
2000000613,BluePrints,2024-12-22,2024-12-25,793.54,USD,626.9
2000000614,Apex Consulting,2024-11-29,2024-11-28,16620.06,EUR,14127.05
2000000615,Titan Manufacturing,2024-12-18,2024-12-16,2149.62,USD,1698.2
2000000616,Green Energy Co,2024-12-09,2024-12-14,24586.01,GBP,24586.01
2000000617,Starlight Media,2025-01-12,2025-01-12,6672.53,GBP,6672.53
2000000618,Titan Manufacturing,2024-12-12,2024-12-16,17108.56,USD,13515.76
2000000619,Nexus Logistics,2024-11-23,2024-11-26,24461.53,AUD,12720.0
2000000620,Fast Travel,2024-12-13,2024-12-11,15409.07,CAD,8937.26
2000000621,Apex Consulting,2024-12-19,2024-12-20,12833.79,GBP,12833.79
2000000622,Global Office,2024-11-03,2024-11-02,8066.79,AUD,4194.73
2000000623,Global Office,2025-01-19,2025-01-18,1968.11,EUR,1672.89
2000000624,Apex Consulting,2024-12-08,2024-12-09,4215.93,USD,3330.58
2000000625,BluePrints,2024-12-01,2024-12-06,18611.76,EUR,15820.0
2000000626,ABC Supplies,2024-12-06,2024-12-09,16268.25,GBP,16268.25
2000000627,Starlight Media,2024-12-24,2024-12-26,18888.5,USD,14921.92
2000000628,Nexus Logistics,2024-12-14,2024-12-15,5542.53,GBP,5542.53
2000000629,Global Office,2025-01-27,2025-01-28,15397.55,AUD,8006.73
2000000630,Starlight Media,2024-12-12,2024-12-12,11337.84,GBP,11337.84
2000000631,Fast Travel,2025-01-02,2025-01-01,23864.7,GBP,23864.7
2000000632,ABC Supplies,2024-11-27,2024-11-27,2748.11,CAD,1593.9
2000000633,Starlight Media,2024-11-27,2024-11-28,12931.9,AUD,6724.59
2000000634,Apex Consulting,2024-12-10,2024-12-10,18181.01,USD,14363.0
2000000635,Green Energy Co,2024-11-23,2024-11-24,7925.97,CAD,4597.06
2000000636,Apex Consulting,2025-01-21,2025-01-22,7160.59,AUD,3723.51
2000000637,Fast Travel,2024-12-17,2024-12-21,9754.08,AUD,5072.12
2000000638,Apex Consulting,2024-12-25,2024-12-29,19127.95,AUD,9946.53
2000000639,BluePrints,2024-12-19,2024-12-23,21424.03,EUR,18210.43
2000000640,Titan Manufacturing,2025-01-08,2025-01-08,14044.88,USD,11095.46
2000000641,TechFlow Solutions,2024-12-19,2024-12-24,7993.26,EUR,6794.27
2000000642,Green Energy Co,2025-01-11,2025-01-16,2262.52,USD,1787.39
2000000643,Apex Consulting,2024-11-26,2024-11-26,22945.23,GBP,22945.23
2000000644,BluePrints,2025-01-04,2025-01-07,12540.62,AUD,6521.12
2000000645,Green Energy Co,2024-12-18,2024-12-22,12494.0,CAD,7246.52
2000000646,Fast Travel,2024-12-23,2024-12-21,24815.58,GBP,24815.58
2000000647,Green Energy Co,2025-01-12,2025-01-12,5258.59,AUD,2734.47
2000000648,TechFlow Solutions,2025-02-01,2025-02-04,12985.4,AUD,6752.41
2000000649,Nexus Logistics,2025-01-29,2025-01-27,16447.21,AUD,8552.55
2000000650,Global Office,2024-12-02,2024-12-07,1345.44,EUR,1143.62
2000000651,BluePrints,2025-01-29,2025-01-29,6902.6,AUD,3589.35
2000000652,ABC Supplies,2024-12-03,2024-12-04,15252.66,USD,12049.6
2000000653,BluePrints,2024-11-15,2024-11-14,16287.74,AUD,8469.62
2000000654,Green Energy Co,2025-01-30,2025-01-29,13204.16,USD,10431.29
2000000655,Green Energy Co,2024-11-22,2024-11-26,6695.35,EUR,5691.05
2000000656,Starlight Media,2025-01-08,2025-01-12,14858.95,AUD,7726.65
2000000657,Fast Travel,2024-11-14,2024-11-17,20448.59,EUR,17381.3
2000000658,Global Office,2024-12-21,2024-12-23,657.3,USD,519.27
2000000659,Apex Consulting,2024-11-01,2024-10-31,2211.12,AUD,1149.78
2000000660,Starlight Media,2024-12-24,2024-12-26,18459.53,USD,14583.03
2000000661,ABC Supplies,2024-12-18,2024-12-18,17749.16,USD,14021.84
2000000662,Apex Consulting,2024-11-24,2024-11-23,11541.19,USD,9117.54
2000000663,ABC Supplies,2024-11-26,2024-11-24,18872.94,USD,14909.62
2000000664,TechFlow Solutions,2024-12-23,2024-12-28,15857.52,CAD,9197.36
2000000665,Fast Travel,2025-01-21,2025-01-21,2455.34,GBP,2455.34
2000000666,Green Energy Co,2024-11-16,2024-11-18,2074.43,GBP,2074.43
2000000667,Titan Manufacturing,2024-12-01,2024-12-06,12387.26,GBP,12387.26
2000000668,BluePrints,2024-11-08,2024-11-10,18919.07,GBP,18919.07
2000000669,Titan Manufacturing,2024-11-06,2024-11-05,5671.17,GBP,5671.17
2000000670,Green Energy Co,2025-01-17,2025-01-19,23337.15,AUD,12135.32
2000000671,Nexus Logistics,2025-01-17,2025-01-21,8745.48,EUR,7433.66
2000000672,Nexus Logistics,2024-12-01,2024-12-04,16794.42,AUD,8733.1
2000000673,Titan Manufacturing,2024-11-08,2024-11-11,21890.4,GBP,21890.4
2000000674,BluePrints,2024-12-29,2025-01-02,18267.89,USD,14431.63
2000000675,BluePrints,2025-01-17,2025-01-16,21790.63,EUR,18522.04
2000000676,Global Office,2024-12-18,2024-12-23,15649.62,AUD,8137.8
2000000677,Starlight Media,2024-12-23,2024-12-24,576.66,EUR,490.16
2000000678,BluePrints,2025-01-21,2025-01-24,21899.15,EUR,18614.28
2000000679,Apex Consulting,2024-11-30,2024-12-05,10304.05,CAD,5976.35
2000000680,Fast Travel,2024-12-15,2024-12-19,23507.58,AUD,12223.94
2000000681,Fast Travel,2024-12-20,2024-12-22,15375.76,USD,12146.85
2000000682,Starlight Media,2025-01-13,2025-01-11,3632.6,GBP,3632.6
2000000683,TechFlow Solutions,2025-01-26,2025-01-31,4617.29,AUD,2400.99
2000000684,Fast Travel,2025-01-01,2025-01-02,6462.22,USD,5105.15
2000000685,Fast Travel,2024-11-14,2024-11-18,24837.36,GBP,24837.36
2000000686,ABC Supplies,2024-12-12,2024-12-16,19274.57,USD,15226.91
2000000687,TechFlow Solutions,2025-01-25,2025-01-30,23811.85,GBP,23811.85
2000000688,ABC Supplies,2025-01-08,2025-01-13,2715.82,EUR,2308.45
2000000689,Global Office,2025-01-13,2025-01-12,16277.67,AUD,8464.39
2000000690,Green Energy Co,2025-01-23,2025-01-27,20306.96,USD,16042.5
2000000691,TechFlow Solutions,2024-11-15,2024-11-17,2648.17,GBP,2648.17
2000000692,Nexus Logistics,2025-01-15,2025-01-16,18743.13,GBP,18743.13
2000000693,Titan Manufacturing,2024-12-18,2024-12-18,21406.59,AUD,11131.43
2000000694,Titan Manufacturing,2024-11-01,2024-11-03,2016.18,CAD,1169.38
2000000695,Global Office,2024-12-20,2024-12-24,8331.25,EUR,7081.56
2000000696,ABC Supplies,2025-01-06,2025-01-07,3111.36,GBP,3111.36
2000000697,Starlight Media,2024-12-29,2025-01-01,4045.17,EUR,3438.39
2000000698,Global Office,2025-01-03,2025-01-08,4111.92,EUR,3495.13
2000000699,ABC Supplies,2025-01-25,2025-01-23,15172.57,EUR,12896.68
2000000700,Starlight Media,2025-01-28,2025-01-27,7199.59,CAD,4175.76
2000000701,Apex Consulting,2025-01-20,2025-01-21,12628.13,AUD,6566.63
2000000702,BluePrints,2024-12-13,2024-12-13,20783.18,USD,16418.71
2000000703,Global Office,2025-01-29,2025-01-27,23117.37,USD,18262.72
2000000704,Apex Consulting,2024-12-21,2024-12-23,24617.54,USD,19447.86
2000000705,BluePrints,2025-01-10,2025-01-14,8766.55,AUD,4558.61
2000000706,Nexus Logistics,2024-12-21,2024-12-25,2259.67,EUR,1920.72
2000000707,TechFlow Solutions,2025-01-29,2025-01-30,17677.16,CAD,10252.75
2000000708,Green Energy Co,2024-11-13,2024-11-13,8423.76,CAD,4885.78
2000000709,BluePrints,2025-01-30,2025-02-01,11709.55,USD,9250.54
2000000710,Titan Manufacturing,2024-11-18,2024-11-23,17550.91,EUR,14918.27
2000000711,ABC Supplies,2024-11-27,2024-11-28,20206.78,USD,15963.36
2000000712,BluePrints,2024-12-17,2024-12-16,17118.79,USD,13523.84
2000000713,Green Energy Co,2024-12-25,2024-12-25,23186.64,GBP,23186.64
2000000714,Nexus Logistics,2024-12-31,2024-12-31,23654.05,GBP,23654.05
2000000715,Starlight Media,2025-01-23,2025-01-26,15038.11,USD,11880.11
2000000716,Green Energy Co,2024-12-02,2024-11-30,3410.66,AUD,1773.54
2000000717,Apex Consulting,2024-12-09,2024-12-09,16493.53,AUD,8576.64
2000000718,Fast Travel,2024-12-30,2025-01-03,7242.79,AUD,3766.25
2000000719,Nexus Logistics,2024-11-02,2024-11-01,3357.38,GBP,3357.38
2000000720,Apex Consulting,2025-01-22,2025-01-23,1064.16,CAD,617.21
2000000721,Titan Manufacturing,2025-01-01,2025-01-03,17496.28,GBP,17496.28
2000000722,Titan Manufacturing,2024-11-24,2024-11-28,12362.69,AUD,6428.6
2000000723,TechFlow Solutions,2025-01-13,2025-01-13,2936.31,GBP,2936.31
2000000724,Starlight Media,2024-11-24,2024-11-28,20415.26,GBP,20415.26
2000000725,Green Energy Co,2025-01-11,2025-01-16,2066.33,CAD,1198.47
2000000726,Starlight Media,2025-01-31,2025-01-30,18960.95,USD,14979.15
2000000727,Fast Travel,2024-11-24,2024-11-24,630.44,AUD,327.83
2000000728,Nexus Logistics,2024-11-16,2024-11-14,3655.99,USD,2888.23
2000000729,ABC Supplies,2024-11-12,2024-11-14,21360.53,GBP,21360.53
2000000730,Fast Travel,2024-11-16,2024-11-18,9407.21,CAD,5456.18
2000000731,ABC Supplies,2024-12-25,2024-12-23,6584.26,GBP,6584.26
2000000732,Starlight Media,2024-12-08,2024-12-13,3926.45,AUD,2041.75
2000000733,Nexus Logistics,2025-01-06,2025-01-09,15351.22,CAD,8903.71
2000000734,Global Office,2025-01-28,2025-01-27,16734.12,GBP,16734.12
2000000735,Global Office,2024-11-05,2024-11-06,3970.85,USD,3136.97
2000000736,ABC Supplies,2025-01-17,2025-01-18,14998.69,EUR,12748.89
2000000737,ABC Supplies,2025-01-19,2025-01-23,2321.81,EUR,1973.54
2000000738,TechFlow Solutions,2024-12-19,2024-12-19,10301.45,GBP,10301.45
2000000739,TechFlow Solutions,2025-01-26,2025-01-30,23534.88,USD,18592.56
2000000740,Starlight Media,2024-11-27,2024-11-26,15924.42,EUR,13535.76
2000000741,Global Office,2025-01-31,2025-02-03,14309.23,CAD,8299.35
2000000742,Titan Manufacturing,2024-11-21,2024-11-25,20628.41,EUR,17534.15
2000000743,Green Energy Co,2024-12-19,2024-12-17,24118.43,USD,19053.56
2000000744,Fast Travel,2024-12-05,2024-12-04,13521.02,CAD,7842.19
2000000745,Green Energy Co,2024-11-09,2024-11-12,16184.35,EUR,13756.7
2000000746,Nexus Logistics,2024-12-05,2024-12-05,21786.96,USD,17211.7
2000000747,TechFlow Solutions,2024-11-02,2024-11-01,9740.32,USD,7694.85
2000000748,Green Energy Co,2024-11-14,2024-11-13,4805.42,EUR,4084.61
2000000749,Titan Manufacturing,2025-01-02,2025-01-01,13459.52,CAD,7806.52
2000000750,TechFlow Solutions,2025-01-10,2025-01-12,15382.94,GBP,15382.94
2000000751,ABC Supplies,2024-12-11,2024-12-15,4926.48,CAD,2857.36
2000000752,Starlight Media,2025-01-16,2025-01-20,12183.12,USD,9624.66
2000000753,TechFlow Solutions,2024-11-02,2024-11-02,16610.29,USD,13122.13
2000000754,Green Energy Co,2025-01-12,2025-01-14,1795.18,EUR,1525.9
2000000755,Global Office,2025-01-26,2025-01-30,17816.28,USD,14074.86
2000000756,Apex Consulting,2024-12-16,2024-12-21,12804.62,EUR,10883.93
2000000757,Green Energy Co,2025-01-06,2025-01-07,7977.09,GBP,7977.09
2000000758,TechFlow Solutions,2024-12-23,2024-12-26,21208.52,GBP,21208.52
2000000759,Fast Travel,2024-12-01,2024-11-30,4545.27,GBP,4545.27
2000000760,Fast Travel,2024-12-07,2024-12-12,20304.5,GBP,20304.5
2000000761,Green Energy Co,2025-01-26,2025-01-26,12251.57,CAD,7105.91
2000000762,Starlight Media,2025-01-29,2025-01-28,10434.05,CAD,6051.75
2000000763,Global Office,2024-11-01,2024-11-05,17713.5,EUR,15056.48
2000000764,Global Office,2025-01-24,2025-01-22,15380.65,USD,12150.71
2000000765,Starlight Media,2024-11-29,2024-11-29,2340.5,USD,1849.0
2000000766,Starlight Media,2024-12-16,2024-12-14,10856.7,AUD,5645.48
2000000767,ABC Supplies,2024-12-18,2024-12-17,8779.99,USD,6936.19
2000000768,Starlight Media,2024-11-16,2024-11-18,7829.86,EUR,6655.38
2000000769,TechFlow Solutions,2024-11-28,2024-11-26,18581.63,CAD,10777.35
2000000770,Green Energy Co,2024-11-28,2024-11-30,23263.17,CAD,13492.64
2000000771,BluePrints,2024-12-30,2025-01-04,1908.67,GBP,1908.67
2000000772,Titan Manufacturing,2024-12-29,2025-01-01,7809.59,GBP,7809.59
2000000773,BluePrints,2024-12-15,2024-12-15,10350.67,GBP,10350.67
2000000774,Fast Travel,2024-12-26,2024-12-31,5339.84,CAD,3097.11
2000000775,Starlight Media,2024-11-20,2024-11-24,3534.14,AUD,1837.75
2000000776,BluePrints,2024-11-20,2024-11-22,6039.33,AUD,3140.45
2000000777,Nexus Logistics,2024-12-09,2024-12-12,10994.37,USD,8685.55
2000000778,Starlight Media,2024-12-05,2024-12-04,24739.55,AUD,12864.57
2000000779,ABC Supplies,2024-11-18,2024-11-21,18803.73,GBP,18803.73
2000000780,Nexus Logistics,2025-01-30,2025-01-31,3211.31,EUR,2729.61
2000000781,BluePrints,2024-11-18,2024-11-22,10815.87,EUR,9193.49
2000000782,BluePrints,2024-11-21,2024-11-22,23735.21,EUR,20174.93
2000000783,Fast Travel,2024-12-24,2024-12-29,13978.03,USD,11042.64
2000000784,Nexus Logistics,2024-12-22,2024-12-26,3719.73,GBP,3719.73
2000000785,BluePrints,2024-11-17,2024-11-17,8930.95,GBP,8930.95
2000000786,Global Office,2024-11-07,2024-11-10,11026.79,CAD,6395.54
2000000787,BluePrints,2024-12-26,2024-12-31,7591.93,AUD,3947.8
2000000788,Fast Travel,2024-12-25,2024-12-26,15631.52,CAD,9066.28
2000000789,ABC Supplies,2024-12-02,2024-12-04,19284.83,EUR,16392.11
2000000790,Global Office,2025-01-25,2025-01-29,5361.11,GBP,5361.11
2000000791,Starlight Media,2025-01-18,2025-01-18,5122.39,CAD,2970.99
2000000792,ABC Supplies,2024-11-30,2024-11-29,3741.25,GBP,3741.25
2000000793,TechFlow Solutions,2024-11-25,2024-11-25,10944.42,CAD,6347.76
2000000794,Global Office,2024-11-12,2024-11-10,9818.64,CAD,5694.81
2000000795,TechFlow Solutions,2025-01-29,2025-01-30,5933.49,AUD,3085.41
2000000796,Apex Consulting,2024-11-08,2024-11-12,16274.89,EUR,13833.66
2000000797,Fast Travel,2024-12-05,2024-12-08,7373.62,EUR,6267.58
2000000798,Green Energy Co,2024-12-02,2024-12-05,22430.1,USD,17719.78
2000000799,BluePrints,2024-11-01,2024-10-30,16680.55,EUR,14178.47
2000000800,Global Office,2024-12-07,2024-12-12,7363.9,CAD,4271.06
2000000801,Fast Travel,2024-12-26,2024-12-26,6680.44,AUD,3473.83
2000000802,Nexus Logistics,2024-12-13,2024-12-15,3232.45,GBP,3232.45
2000000803,Starlight Media,2024-11-17,2024-11-20,9333.93,EUR,7933.84
2000000804,Titan Manufacturing,2025-01-07,2025-01-10,6337.18,EUR,5386.6
2000000805,Global Office,2025-01-14,2025-01-18,2637.16,GBP,2637.16
2000000806,ABC Supplies,2025-01-20,2025-01-19,1505.45,USD,1189.31
2000000807,Global Office,2025-01-30,2025-02-04,23174.77,GBP,23174.77
2000000808,Starlight Media,2025-01-19,2025-01-22,7886.17,AUD,4100.81
2000000809,Global Office,2025-01-08,2025-01-08,1573.37,USD,1242.96
2000000810,Green Energy Co,2025-01-10,2025-01-12,22343.87,CAD,12959.44
2000000811,Nexus Logistics,2024-12-17,2024-12-22,15931.68,GBP,15931.68
2000000812,Green Energy Co,2024-11-09,2024-11-14,10765.6,CAD,6244.05
2000000813,BluePrints,2024-11-22,2024-11-24,17569.3,USD,13879.75
2000000814,TechFlow Solutions,2024-11-06,2024-11-04,19962.56,USD,15770.42
2000000815,Green Energy Co,2025-01-03,2025-01-02,4555.2,CAD,2642.02
2000000816,Green Energy Co,2025-01-11,2025-01-15,10320.8,EUR,8772.68
2000000817,Global Office,2024-11-24,2024-11-22,4420.07,USD,3491.86
2000000818,Titan Manufacturing,2025-01-29,2025-01-27,22039.3,CAD,12782.79
2000000819,Apex Consulting,2025-01-04,2025-01-06,7933.55,USD,6267.5
2000000820,TechFlow Solutions,2025-01-30,2025-02-01,14027.7,USD,11081.88
2000000821,Global Office,2024-11-06,2024-11-07,7650.16,USD,6043.63
2000000822,TechFlow Solutions,2024-11-18,2024-11-20,21897.88,GBP,21897.88
2000000823,Global Office,2024-11-27,2024-11-26,534.3,EUR,454.15
2000000824,Titan Manufacturing,2024-12-18,2024-12-21,2539.53,CAD,1472.93
2000000825,TechFlow Solutions,2025-02-01,2025-02-01,10504.4,CAD,6092.55
2000000826,TechFlow Solutions,2024-12-12,2024-12-10,15835.9,GBP,15835.9
2000000827,Nexus Logistics,2024-11-29,2024-12-01,4830.01,GBP,4830.01
2000000828,Starlight Media,2025-01-24,2025-01-23,18203.75,AUD,9465.95
2000000829,TechFlow Solutions,2025-01-20,2025-01-21,20512.75,USD,16205.07
2000000830,Nexus Logistics,2024-12-05,2024-12-06,14750.76,AUD,7670.4
2000000831,ABC Supplies,2024-12-28,2024-12-29,18380.39,AUD,9557.8
2000000832,Nexus Logistics,2024-11-19,2024-11-24,2795.43,USD,2208.39
2000000833,Apex Consulting,2024-11-24,2024-11-24,5127.07,AUD,2666.08
2000000834,ABC Supplies,2025-01-22,2025-01-24,1015.66,USD,802.37
2000000835,ABC Supplies,2024-12-21,2024-12-22,2201.63,GBP,2201.63
2000000836,Green Energy Co,2024-12-02,2024-12-07,22773.71,AUD,11842.33
2000000837,Fast Travel,2025-02-01,2025-02-01,18305.73,GBP,18305.73
2000000838,Titan Manufacturing,2024-11-13,2024-11-17,9907.77,GBP,9907.77
2000000839,BluePrints,2025-01-22,2025-01-20,3738.39,GBP,3738.39
2000000840,TechFlow Solutions,2024-11-19,2024-11-17,19913.81,GBP,19913.81
2000000841,Fast Travel,2025-01-09,2025-01-12,21391.65,GBP,21391.65
2000000842,Global Office,2024-11-18,2024-11-23,19111.96,AUD,9938.22
2000000843,ABC Supplies,2024-12-10,2024-12-13,12233.26,USD,9664.28
2000000844,BluePrints,2025-01-09,2025-01-11,15873.4,GBP,15873.4
2000000845,BluePrints,2024-11-06,2024-11-05,13843.73,GBP,13843.73
2000000846,Starlight Media,2024-12-24,2024-12-24,529.66,USD,418.43
2000000847,BluePrints,2024-11-30,2024-12-04,9941.88,EUR,8450.6
2000000848,TechFlow Solutions,2024-11-29,2024-12-03,17325.77,GBP,17325.77
2000000849,Apex Consulting,2024-11-22,2024-11-21,6000.8,EUR,5100.68
2000000850,Nexus Logistics,2024-11-10,2024-11-13,3399.6,GBP,3399.6
2000000851,BluePrints,2025-01-17,2025-01-17,4862.66,CAD,2820.34
2000000852,Nexus Logistics,2025-01-16,2025-01-16,17146.12,USD,13545.43
2000000853,TechFlow Solutions,2025-01-19,2025-01-21,9035.45,GBP,9035.45
2000000854,TechFlow Solutions,2025-01-03,2025-01-06,23355.6,GBP,23355.6
2000000855,BluePrints,2024-11-20,2024-11-20,8346.27,AUD,4340.06
2000000856,Apex Consulting,2025-02-01,2025-02-06,20458.92,GBP,20458.92
2000000857,Titan Manufacturing,2024-12-25,2024-12-27,4044.36,EUR,3437.71
2000000858,ABC Supplies,2024-11-24,2024-11-28,9138.91,AUD,4752.23
2000000859,Green Energy Co,2025-01-01,2025-01-05,15242.71,EUR,12956.3
2000000860,ABC Supplies,2025-01-23,2025-01-24,9888.04,CAD,5735.06
2000000861,Apex Consulting,2025-01-08,2025-01-13,13545.62,USD,10701.04
2000000862,Green Energy Co,2024-11-11,2024-11-15,13410.18,USD,10594.04
2000000863,Fast Travel,2024-12-01,2024-12-04,570.22,GBP,570.22
2000000864,Nexus Logistics,2025-01-11,2025-01-16,23961.59,GBP,23961.59
2000000865,BluePrints,2024-12-15,2024-12-18,21294.41,USD,16822.58
2000000866,TechFlow Solutions,2024-12-29,2024-12-29,20963.68,CAD,12158.93
2000000867,Green Energy Co,2024-12-02,2024-12-03,20781.63,GBP,20781.63
2000000868,ABC Supplies,2024-11-16,2024-11-16,9747.79,GBP,9747.79
2000000869,Green Energy Co,2024-12-18,2024-12-16,17684.34,CAD,10256.92
2000000870,Fast Travel,2025-01-01,2025-01-01,1239.55,EUR,1053.62
2000000871,ABC Supplies,2024-11-11,2024-11-12,2388.1,CAD,1385.1
2000000872,Green Energy Co,2024-11-20,2024-11-20,12009.24,USD,9487.3
2000000873,Starlight Media,2025-01-29,2025-01-31,12019.52,EUR,10216.59
2000000874,Apex Consulting,2025-01-22,2025-01-20,7525.84,USD,5945.41
2000000875,BluePrints,2025-01-22,2025-01-20,15302.25,USD,12088.78
2000000876,Starlight Media,2024-11-21,2024-11-19,10211.57,AUD,5310.02
2000000877,Apex Consulting,2025-01-10,2025-01-12,23019.18,CAD,13351.12
2000000878,TechFlow Solutions,2025-01-30,2025-01-31,10879.92,USD,8595.14
2000000879,TechFlow Solutions,2024-11-12,2024-11-16,24459.19,USD,19322.76
2000000880,Global Office,2024-12-22,2024-12-20,5863.21,USD,4631.94
2000000881,Starlight Media,2025-01-17,2025-01-16,20505.69,AUD,10662.96
2000000882,Apex Consulting,2024-12-11,2024-12-15,20767.72,USD,16406.5
2000000883,BluePrints,2024-12-18,2024-12-22,5270.9,GBP,5270.9
2000000884,Fast Travel,2024-11-10,2024-11-13,15278.16,EUR,12986.44
2000000885,BluePrints,2024-12-01,2024-12-03,4487.63,GBP,4487.63
2000000886,Fast Travel,2024-11-28,2024-11-26,19034.78,EUR,16179.56
2000000887,Global Office,2025-01-10,2025-01-11,16140.53,GBP,16140.53
2000000888,Global Office,2024-12-05,2024-12-04,24428.25,CAD,14168.38
2000000889,BluePrints,2025-01-12,2025-01-17,1619.18,EUR,1376.3
2000000890,Fast Travel,2024-12-10,2024-12-08,24523.27,EUR,20844.78
2000000891,Green Energy Co,2025-01-04,2025-01-05,8204.57,AUD,4266.38
2000000892,Nexus Logistics,2024-11-17,2024-11-16,8617.3,CAD,4998.03
2000000893,Fast Travel,2025-01-04,2025-01-04,1080.29,AUD,561.75
2000000894,Apex Consulting,2025-01-15,2025-01-13,7607.92,USD,6010.26
2000000895,Apex Consulting,2024-11-11,2024-11-10,23844.05,USD,18836.8
2000000896,Global Office,2025-01-27,2025-01-27,19336.23,USD,15275.62
2000000897,Starlight Media,2025-01-06,2025-01-09,11463.27,USD,9055.98
2000000898,Nexus Logistics,2024-12-08,2024-12-11,15775.03,AUD,8203.02
2000000899,BluePrints,2025-01-31,2025-02-04,6358.21,CAD,3687.76
2000000900,Titan Manufacturing,2024-11-10,2024-11-10,14389.07,AUD,7482.32
2000000901,Fast Travel,2024-11-02,2024-11-02,19274.77,EUR,16383.55
2000000902,Starlight Media,2024-11-12,2024-11-17,2805.79,EUR,2384.92
2000000903,ABC Supplies,2024-12-08,2024-12-08,2169.97,CAD,1258.58
2000000904,Nexus Logistics,2024-12-16,2024-12-15,2242.78,AUD,1166.25
2000000905,TechFlow Solutions,2024-12-31,2025-01-02,19197.09,AUD,9982.49
2000000906,ABC Supplies,2024-11-16,2024-11-21,1470.02,EUR,1249.52
2000000907,Green Energy Co,2024-12-23,2024-12-23,11300.28,CAD,6554.16
2000000908,Titan Manufacturing,2024-12-11,2024-12-14,2545.52,AUD,1323.67
2000000909,Starlight Media,2024-12-28,2024-12-30,21996.51,GBP,21996.51
2000000910,Titan Manufacturing,2025-01-22,2025-01-20,18655.54,USD,14737.88
2000000911,Starlight Media,2024-11-02,2024-11-02,21399.96,EUR,18189.97
2000000912,Green Energy Co,2024-11-21,2024-11-25,21418.82,USD,16920.87
2000000913,Green Energy Co,2024-12-30,2024-12-29,9048.98,AUD,4705.47
2000000914,Starlight Media,2024-12-30,2024-12-29,2602.65,GBP,2602.65
2000000915,Green Energy Co,2024-12-26,2024-12-27,10337.25,GBP,10337.25
2000000916,Nexus Logistics,2024-12-14,2024-12-19,5709.56,AUD,2968.97
2000000917,Fast Travel,2024-12-06,2024-12-11,1437.92,USD,1135.96
2000000918,Apex Consulting,2024-11-19,2024-11-20,8344.57,GBP,8344.57
2000000919,Titan Manufacturing,2024-12-19,2024-12-17,23443.26,EUR,19926.77
2000000920,Green Energy Co,2024-12-31,2025-01-01,1824.9,GBP,1824.9
2000000921,Green Energy Co,2024-12-05,2024-12-07,16074.34,GBP,16074.34
2000000922,ABC Supplies,2024-11-09,2024-11-11,10424.18,EUR,8860.55
2000000923,Apex Consulting,2024-12-24,2024-12-25,16906.29,EUR,14370.35
2000000924,ABC Supplies,2024-11-07,2024-11-06,22426.44,AUD,11661.75
2000000925,Nexus Logistics,2024-12-09,2024-12-09,5365.83,AUD,2790.23
2000000926,Apex Consulting,2024-12-31,2024-12-31,24156.95,AUD,12561.61
2000000927,Nexus Logistics,2025-01-28,2025-02-01,20663.88,CAD,11985.05
2000000928,Titan Manufacturing,2024-11-26,2024-11-25,18206.73,CAD,10559.9
2000000929,Titan Manufacturing,2024-11-19,2024-11-22,16769.54,EUR,14254.11
2000000930,BluePrints,2024-11-20,2024-11-25,23378.58,AUD,12156.86
2000000931,Nexus Logistics,2024-11-15,2024-11-19,6938.67,GBP,6938.67
2000000932,Apex Consulting,2024-11-17,2024-11-22,16153.45,CAD,9369.0
2000000933,Fast Travel,2024-11-05,2024-11-06,18769.83,USD,14828.17
2000000934,Green Energy Co,2025-01-29,2025-01-29,15223.11,USD,12026.26
2000000935,Nexus Logistics,2024-11-27,2024-11-28,24307.74,CAD,14098.49
2000000936,BluePrints,2024-12-18,2024-12-21,896.69,EUR,762.19
2000000937,Starlight Media,2024-11-16,2024-11-21,16398.34,AUD,8527.14
2000000938,Green Energy Co,2024-12-23,2024-12-26,9129.17,CAD,5294.92
2000000939,Green Energy Co,2025-01-06,2025-01-09,3277.81,USD,2589.47
2000000940,Apex Consulting,2024-12-25,2024-12-28,4833.93,CAD,2803.68
2000000941,ABC Supplies,2025-01-09,2025-01-13,9848.3,AUD,5121.12
2000000942,TechFlow Solutions,2025-01-29,2025-01-28,24886.4,GBP,24886.4
2000000943,Fast Travel,2025-01-23,2025-01-21,15598.38,AUD,8111.16
2000000944,Fast Travel,2025-01-03,2025-01-02,16021.37,CAD,9292.39
2000000945,Titan Manufacturing,2024-11-05,2024-11-07,21366.78,USD,16879.76
2000000946,Global Office,2024-12-29,2025-01-02,3305.28,AUD,1718.75
2000000947,Fast Travel,2024-12-15,2024-12-20,10616.9,AUD,5520.79
2000000948,BluePrints,2024-12-18,2024-12-19,12935.24,EUR,10994.95
2000000949,TechFlow Solutions,2024-12-10,2024-12-14,16995.87,GBP,16995.87
2000000950,Green Energy Co,2024-11-05,2024-11-03,1143.05,EUR,971.59
2000000951,Starlight Media,2025-01-16,2025-01-19,8709.7,CAD,5051.63
2000000952,Green Energy Co,2024-12-01,2024-12-05,5220.18,AUD,2714.49
2000000953,BluePrints,2025-01-13,2025-01-17,3657.33,AUD,1901.81
2000000954,ABC Supplies,2024-12-22,2024-12-25,13173.29,AUD,6850.11
2000000955,Global Office,2024-11-13,2024-11-13,12854.3,CAD,7455.49
2000000956,Green Energy Co,2025-01-20,2025-01-22,21014.78,USD,16601.68
2000000957,Nexus Logistics,2024-11-27,2024-11-26,2785.0,AUD,1448.2
2000000958,BluePrints,2025-01-20,2025-01-20,1181.55,CAD,685.3
2000000959,Fast Travel,2025-01-13,2025-01-17,1119.6,USD,884.48
2000000960,Apex Consulting,2025-01-21,2025-01-24,5070.6,USD,4005.77
2000000961,TechFlow Solutions,2024-11-25,2024-11-26,18294.66,AUD,9513.22
2000000962,TechFlow Solutions,2025-01-24,2025-01-22,7236.64,USD,5716.95
2000000963,BluePrints,2025-01-21,2025-01-20,3217.82,CAD,1866.34
2000000964,Fast Travel,2024-11-14,2024-11-14,7420.34,USD,5862.07
2000000965,Fast Travel,2024-11-10,2024-11-15,21193.28,USD,16742.69
2000000966,Green Energy Co,2024-11-13,2024-11-18,19988.32,AUD,10393.93
2000000967,Fast Travel,2025-01-02,2025-01-01,5652.25,AUD,2939.17
2000000968,Green Energy Co,2024-12-11,2024-12-16,20309.45,USD,16044.47
2000000969,TechFlow Solutions,2024-11-02,2024-11-02,16661.83,CAD,9663.86
2000000970,BluePrints,2024-11-16,2024-11-19,24846.62,AUD,12920.24
2000000971,Titan Manufacturing,2025-01-16,2025-01-14,4380.51,EUR,3723.43
2000000972,Fast Travel,2024-11-25,2024-11-23,13630.88,CAD,7905.91
2000000973,Starlight Media,2024-11-20,2024-11-21,21738.42,GBP,21738.42
2000000974,Global Office,2024-11-04,2024-11-07,3894.84,GBP,3894.84
2000000975,ABC Supplies,2024-12-05,2024-12-07,12298.58,GBP,12298.58
2000000976,Nexus Logistics,2025-01-30,2025-02-01,11942.57,AUD,6210.14
2000000977,Green Energy Co,2025-01-05,2025-01-09,23097.53,EUR,19632.9
2000000978,ABC Supplies,2024-11-26,2024-11-28,24065.85,GBP,24065.85
2000000979,Titan Manufacturing,2025-01-15,2025-01-17,4558.5,USD,3601.22
2000000980,Apex Consulting,2024-12-26,2024-12-31,10881.56,EUR,9249.33
2000000981,Nexus Logistics,2025-01-19,2025-01-18,15378.74,AUD,7996.94
2000000982,Global Office,2025-01-12,2025-01-15,9662.03,GBP,9662.03
2000000983,Apex Consulting,2024-11-22,2024-11-20,23973.39,EUR,20377.38
2000000984,Titan Manufacturing,2024-12-23,2024-12-25,15295.11,CAD,8871.16
2000000985,Nexus Logistics,2024-12-21,2024-12-19,3308.92,EUR,2812.58
2000000986,Green Energy Co,2024-11-24,2024-11-27,6510.29,USD,5143.13
2000000987,Nexus Logistics,2024-12-18,2024-12-18,19598.11,GBP,19598.11
2000000988,BluePrints,2024-12-11,2024-12-09,18061.66,USD,14268.71
2000000989,Apex Consulting,2025-01-12,2025-01-15,22519.23,CAD,13061.15
2000000990,Fast Travel,2024-12-20,2024-12-22,15244.15,CAD,8841.61
2000000991,Global Office,2024-11-14,2024-11-16,18048.51,GBP,18048.51
2000000992,Titan Manufacturing,2025-01-22,2025-01-26,17212.23,AUD,8950.36
2000000993,Nexus Logistics,2024-12-11,2024-12-12,5329.52,AUD,2771.35
2000000994,Apex Consulting,2024-11-06,2024-11-08,10820.31,GBP,10820.31
2000000995,Apex Consulting,2024-11-22,2024-11-25,14983.69,USD,11837.12
2000000996,Titan Manufacturing,2024-11-03,2024-11-05,936.99,CAD,543.45
2000000997,BluePrints,2024-12-30,2025-01-01,3710.92,AUD,1929.68
2000000998,BluePrints,2025-01-08,2025-01-06,8766.05,GBP,8766.05
2000000999,Fast Travel,2024-12-31,2024-12-30,20831.33,AUD,10832.29
